Metric,CoCoChain_Mean,CoCoChain_Std,PBFT_Mean,PBFT_Std
auth_latency,0.0027745260947438606,0.0009242849378724244,0.02541948370384636,0.004423654205914112
handover_success,0.950355617409359,0.017310751572980253,0.8845290802024206,0.03242893500823774
throughput,24.882137299991733,3.0156244965787433,17.91529266448084,4.27929703991335
